title,url,writer
[IP인사] 한국지식재산보호원,http://boannews.com/media/view.asp?idx=139822&page=1&kind=1,IP전략연구소 | 2025년 10월 18일 18:32
[단독] 해커 유인 ‘허니팟’이 독 됐나? 연결된 SK쉴더스 직원 이메일 털려 KISA 신고,http://boannews.com/media/view.asp?idx=139820&page=1&kind=1,조재호 기자 | 2025년 10월 18일 12:25
아태지역 외교 기관 침투한 신비한 코끼리,http://boannews.com/media/view.asp?idx=139819&page=1&kind=4,한세희 기자 | 2025년 10월 18일 09:19
AI 기반 보안 프레임워크 구축 논의...‘2025 방산기술보호 컨퍼런스’ 성료,http://boannews.com/media/view.asp?idx=139815&page=1&kind=2,조재호 기자 | 2025년 10월 17일 17:48
"[카드뉴스] 사이버 위협, 이제 자동화로 대응한다… ‘SOAR’ 주목",http://boannews.com/media/view.asp?idx=139816&page=1&kind=1,지진솔 기자 | 2025년 10월 17일 17:20
SK쉴더스 놓아둔 꿀단지에 낚인 해커...다크웹에 가짜 데이터 올려,http://boannews.com/media/view.asp?idx=139812&page=1&kind=1,조재호 기자 | 2025년 10월 17일 15:47
"F5, 해킹 당해 핵심 BIG-IP 소스 코드 유출... “국가 배후 집단 소행”",http://boannews.com/media/view.asp?idx=139811&page=1&kind=1,한세희 기자 | 2025년 10월 17일 15:36
"KT, 불법 펨토셀 ID 총 20개 확인...작년 10월부터 개인정보 유출 정황",http://boannews.com/media/view.asp?idx=139808&page=1&kind=1,강현주 기자 | 2025년 10월 17일 14:26
[대한민국 털렸다] ‘프랙’ 보고서 사실이었다...행안부 온나라 시스템 등 해킹 확인,http://boannews.com/media/view.asp?idx=139807&page=1&kind=1,강현주 기자 | 2025년 10월 17일 13:31
[배종찬의 보안 빅데이터] ‘AI 보안’에 꼭 필요한 조건 1위는?,http://boannews.com/media/view.asp?idx=139805&page=1&kind=5,권준  기자 | 2025년 10월 17일 10:54
한국재난안전산업협회 대경지부 출범,http://boannews.com/media/view.asp?idx=139821&page=1&kind=3,엄호식 기자 | 2025년 10월 18일 07:36
"스마트도시 성동 ‘스마트 정책투어’, 해외서도 벤치마킹 위해 찾아와",http://boannews.com/media/view.asp?idx=139817&page=1&kind=2,강초희 기자 | 2025년 10월 17일 17:40
마이크로소프트 “윈도우 11은 AI PC...에이전트로 강력한 보안”,http://boannews.com/media/view.asp?idx=139814&page=1&kind=3,강현주 기자 | 2025년 10월 17일 16:40
"북한 배후 공격자, 악성코드 은폐해 암호화폐 탈취...‘이더하이딩’ 기법",http://boannews.com/media/view.asp?idx=139813&page=1&kind=3,강현주 기자 | 2025년 10월 17일 15:31
"한국보안인증-유비디시전, 전자서명 서비스 솔루션 시장 확대 ‘협력’",http://boannews.com/media/view.asp?idx=139810&page=1&kind=3,조재호 기자 | 2025년 10월 17일 14:04
"배경훈 부총리, 통신사 CEO·CISO 면담...“보안에 막중한 책무”",http://boannews.com/media/view.asp?idx=139809&page=1&kind=2,강현주 기자 | 2025년 10월 17일 13:59
[부고] 김인중 국가보안기술연구소 박사 모친상,http://boannews.com/media/view.asp?idx=139806&page=1&kind=1,조재호 기자 | 2025년 10월 17일 11:06
AI 시대 개인정보 정책은? 개인정보위 ‘개인정보 정책포럼’ 개최,http://boannews.com/media/view.asp?idx=139804&page=1&kind=2,조재호 기자 | 2025년 10월 17일 11:06
"청년경찰도 ‘IP’...경찰大, 인터폴과 지식재산·기술유출 훈련",http://boannews.com/media/view.asp?idx=139803&page=1&kind=1,IP전략연구소 | 2025년 10월 17일 10:39
"컨텍, ‘우주보안기술본부’ 신설…홍석희 前 고려대 정보보호대학원장 영입",http://boannews.com/media/view.asp?idx=139802&page=1&kind=3,한세희 기자 | 2025년 10월 16일 18:12
"[단독] 국회, ‘정부 해킹’ 끝내 침묵하나...국정원 3차장 국감 증인 신청 철회",http://boannews.com/media/view.asp?idx=139801&page=1&kind=1,강현주 기자 | 2025년 10월 16일 18:05
"유니온바이오메트릭스, 올인원 RFID 출입통제 단말기 ‘UBio-X Tag’ 출시",http://boannews.com/media/view.asp?idx=139800&page=1&kind=1,엄호식 기자 | 2025년 10월 16일 17:44
[김정덕의 보안 다반사-6] 한송이 국화꽃을 피우기 위해...,http://boannews.com/media/view.asp?idx=139799&page=1&kind=2,조재호 기자 | 2025년 10월 16일 17:44
"인천시, 중대시민재해 예방 위해 ISO45001 인증 추진",http://boannews.com/media/view.asp?idx=139798&page=1&kind=2,강초희 기자 | 2025년 10월 16일 16:35
"피넛AI, 23억 원 투자 유치 “IoT·OT 보안 글로벌 리더로 도약”",http://boannews.com/media/view.asp?idx=139796&page=1&kind=3,강초희 기자 | 2025년 10월 16일 16:34
“구글 OTP 30초 만에 탈취”... 안드로이드 ‘픽스내핑’ 공격 비상,http://boannews.com/media/view.asp?idx=139797&page=1&kind=4,한세희 기자 | 2025년 10월 16일 16:21
"익산시, 첨단기술로 시민 생활안전 강화한다",http://boannews.com/media/view.asp?idx=139792&page=1&kind=2,강초희 기자 | 2025년 10월 16일 14:39
"‘협력으로 만드는 최고의 안전도시’ 하남시, 지역치안협의회 개최",http://boannews.com/media/view.asp?idx=139791&page=1&kind=2,강초희 기자 | 2025년 10월 16일 14:37
"누리랩 ‘9월 피싱주의보 124건’ 발령, 메신저 사칭·사기성 사이트 기승",http://boannews.com/media/view.asp?idx=139793&page=1&kind=1,조재호 기자 | 2025년 10월 16일 13:53
단돈 800달러짜리 위성 수신 장비로도 세계 통신 도청 가능!... 美 대학 연구팀 시연,http://boannews.com/media/view.asp?idx=139794&page=1&kind=1,한세희 기자 | 2025년 10월 16일 13:49
"KT 불법 기지국 ID 20개 추가 발견, 피해 규모도 늘어나",http://boannews.com/media/view.asp?idx=139790&page=2&kind=1,조재호 기자 | 2025년 10월 16일 11:41
"파수, 글로벌 반도체·자동차 산업 보안 비즈니스 확장 본격화",http://boannews.com/media/view.asp?idx=139788&page=2&kind=3,조재호 기자 | 2025년 10월 16일 11:14
"삼성전자, ‘2025 우수기술 설명회’ 개최...보유특허 무상 지원",http://boannews.com/media/view.asp?idx=139789&page=2&kind=1,IP전략연구소 | 2025년 10월 16일 11:05
구혁채 차관 “공공기관 보안 강화 핵심과제...지원 아끼지 않을 것“,http://boannews.com/media/view.asp?idx=139787&page=2&kind=1,강현주 기자 | 2025년 10월 16일 10:56
"‘오네’·‘윤800’체, 아름다운 상표·한글디자인에 피선",http://boannews.com/media/view.asp?idx=139786&page=2&kind=1,IP전략연구소 | 2025년 10월 16일 10:53
[카드뉴스] 캄보디아 납치사건의 시작은 개인정보 유출… ‘고수익 알바’ SNS 유혹 주의보,http://boannews.com/media/view.asp?idx=139785&page=2&kind=1,지진솔 기자 | 2025년 10월 16일 10:43
"스틸리언, ‘2025년 서울형 강소기업’ 최종 선정",http://boannews.com/media/view.asp?idx=139784&page=2&kind=2,조재호 기자 | 2025년 10월 16일 10:34
"“마이크로세그멘테이션, 랜섬웨어 차단 시간 33% 단축”...보험료도 절감",http://boannews.com/media/view.asp?idx=139783&page=2&kind=3,강현주 기자 | 2025년 10월 16일 10:26
"유니온바이오메트릭스, 프랑스 AI 데이터센터에 지능형 생체인식 보안 솔루션 구축",http://boannews.com/media/view.asp?idx=139782&page=2&kind=3,강초희 기자 | 2025년 10월 16일 10:26
"엑시스, AI 보안 ‘엑시스 솔루션 컨퍼런스 2025’ 성료",http://boannews.com/media/view.asp?idx=139780&page=2&kind=3,강초희 기자 | 2025년 10월 16일 10:17
"이글루코퍼레이션-소프트캠프, N2SF 전환 사업 협력",http://boannews.com/media/view.asp?idx=139781&page=2&kind=3,조재호 기자 | 2025년 10월 16일 10:09
"[IP포토] “EU특허, 이렇게 내세요.”...지재처, ‘유럽 지식재산 제도 설명회’ 개최",http://boannews.com/media/view.asp?idx=139779&page=2&kind=1,IP전략연구소 | 2025년 10월 16일 09:04
멘로시큐리티 CEO “브라우저 기반 보안으로 한국 금융권도 혁신”,http://boannews.com/media/view.asp?idx=139778&page=2&kind=3,강현주 기자 | 2025년 10월 15일 18:30
"글로벌 AI 활용 선두주자 기업들, “보안도 경쟁력으로 전환했다”",http://boannews.com/media/view.asp?idx=139777&page=2&kind=3,조재호 기자 | 2025년 10월 15일 17:52
"엔피코어 ‘IndoSec 2025’ 참가 성료, 동남아 시장 공략 가속화",http://boannews.com/media/view.asp?idx=139775&page=2&kind=3,조재호 기자 | 2025년 10월 15일 15:13
"K-특허 최대 거함 ‘윕스號’, 어디로?...잇단 송사에, CEO 리스크까지",http://boannews.com/media/view.asp?idx=139776&page=2&kind=1,IP전략연구소 | 2025년 10월 15일 15:05
싸이터 ‘코마린’서 선박 수명주기 기반 사이버보안 솔루션 선봬,http://boannews.com/media/view.asp?idx=139774&page=2&kind=3,조재호 기자 | 2025년 10월 15일 14:15
한국퀀텀컴퓨팅-한국생명정보학회와 양자컴퓨팅 기반 바이오 연구 ‘맞손’,http://boannews.com/media/view.asp?idx=139772&page=2&kind=3,조재호 기자 | 2025년 10월 15일 13:48
"英 정부, “최종적 방어 실패 책임은 CEO에 있다”",http://boannews.com/media/view.asp?idx=139773&page=2&kind=4,한세희 기자 | 2025년 10월 15일 13:46
레드햇 AI 3 출시...프로덕션 AI 워크로드에 분산형 AI 추론 제공,http://boannews.com/media/view.asp?idx=139771&page=2&kind=3,강현주 기자 | 2025년 10월 15일 13:14
"지란지교소프트, 서버리스 웹 뷰어 ‘나모 크로스뷰어’ 출시",http://boannews.com/media/view.asp?idx=139770&page=3&kind=3,조재호 기자 | 2025년 10월 15일 11:40
"개인정보 공유 없이 병원·은행 AI 학습...카이스트, 연합학습 AI 개발",http://boannews.com/media/view.asp?idx=139769&page=3&kind=5,조재호 기자 | 2025년 10월 15일 11:30
"마이크로소프트 센티넬, AI 에이전트 기반 보안 기능 대거 업데이트",http://boannews.com/media/view.asp?idx=139768&page=3&kind=3,강현주 기자 | 2025년 10월 15일 11:21
"캄보디아 인신매매 온라인 사기 집단 회장, 美 법무부에 20조원 규모 비트코인 압수 당해",http://boannews.com/media/view.asp?idx=139767&page=3&kind=1,한세희 기자 | 2025년 10월 15일 11:20
"원주시, K-드론배송 시연회 개최·첨단드론 공공행정분야 확대 MOU 체결",http://boannews.com/media/view.asp?idx=139766&page=3&kind=2,강초희 기자 | 2025년 10월 15일 11:17
"증평군, 보행자 따라 가로등 켜지는 ‘스마트 산책로’로 안전·편의 잡았다",http://boannews.com/media/view.asp?idx=139765&page=3&kind=2,강초희 기자 | 2025년 10월 15일 11:15
"안전보건공단, ‘안전보건 리더 혁신 간담회’에서 공공기관 산재예방 방향 제시",http://boannews.com/media/view.asp?idx=139764&page=3&kind=3,강초희 기자 | 2025년 10월 15일 11:14
"여의시스템-Moxa, 코마린에서 IACS UR 26·27 기반 차세대 선박 네트워크 제시",http://boannews.com/media/view.asp?idx=139763&page=3&kind=3,엄호식 기자 | 2025년 10월 15일 10:51
"SKT, 軍 통신 중계 드론 개발 MOU...국방 역량 강화 지원",http://boannews.com/media/view.asp?idx=139762&page=3&kind=3,조재호 기자 | 2025년 10월 15일 10:44
금융보안원 ‘금융권 통합보안관제’ 고도화 추진,http://boannews.com/media/view.asp?idx=139760&page=3&kind=2,조재호 기자 | 2025년 10월 15일 10:31
"안랩, 말레이시아·인도네시아 진출 가속화...전시회 적극 참가",http://boannews.com/media/view.asp?idx=139761&page=3&kind=3,강현주 기자 | 2025년 10월 15일 10:20
"이엔셀, 호주에 특허 등록...샤르코마리투스병 치료 기술",http://boannews.com/media/view.asp?idx=139759&page=3&kind=1,IP전략연구소 | 2025년 10월 15일 09:46
[카드뉴스] 문자 링크 미리보기만 해도 감염? 스팸 문자 차단으로 스마트폰 보안 강화하기,http://boannews.com/media/view.asp?idx=139758&page=3&kind=1,지진솔 기자 | 2025년 10월 15일 09:42
"티피링크, Wi-Fi 8 연결 성공하며 차세대 와이파이 시대 개막 예고",http://boannews.com/media/view.asp?idx=139756&page=3&kind=3,강초희 기자 | 2025년 10월 15일 09:36
"중소·중견 기업, SK 특허 77건 무료 사용..기술나눔 일환",http://boannews.com/media/view.asp?idx=139757&page=3&kind=1,IP전략연구소 | 2025년 10월 15일 09:29
서버 보안의 새로운 패러다임 제시... IAM을 넘어 ‘커널’까지 통제,http://boannews.com/media/view.asp?idx=139755&page=3&kind=3,원병철 기자 | 2025년 10월 15일 09:14
"왓콘, AI·블록체인 기반 비자 문서작성 서비스 ‘패스플래너’로 GITEX 2025 참가",http://boannews.com/media/view.asp?idx=139754&page=3&kind=3,조재호 기자 | 2025년 10월 14일 19:15
"국회 정무위, 롯데카드·KT ‘해킹’ 대처 질타",http://boannews.com/media/view.asp?idx=139751&page=3&kind=2,조재호 기자 | 2025년 10월 14일 18:19
[IP부고] 조창래 씨(지식재산처 사무관) 모친상,http://boannews.com/media/view.asp?idx=139753&page=3&kind=1,IP전략연구소 | 2025년 10월 14일 18:17
"씨프로, 딥러닝 학습 방식 기반의 엣지 기반 AI 코너 돔 IP 카메라",http://boannews.com/media/view.asp?idx=139752&page=3&kind=3,엄호식 기자 | 2025년 10월 14일 18:14
[AI와 보안] 잇따른 해킹 사고 후...최고 관심 솔루션은 ‘AI 보안 자동화’,http://boannews.com/media/view.asp?idx=139750&page=4&kind=1,강현주 기자 | 2025년 10월 14일 18:04
"조선·해양 강국서 해양 사이버보안 선도까지, 고려대 ‘해양사이버보안 워크샵’ 개최",http://boannews.com/media/view.asp?idx=139749&page=4&kind=2,조재호 기자 | 2025년 10월 14일 17:45
"제네텍, 글로벌 출입통제 소프트웨어 시장 점유율 지속 확대",http://boannews.com/media/view.asp?idx=139748&page=4&kind=3,강초희 기자 | 2025년 10월 14일 16:13
"라쿠텐 마리타임, RINA 사이버보안 인증 획득...유럽 시장 신뢰 강화",http://boannews.com/media/view.asp?idx=139747&page=4&kind=3,조재호 기자 | 2025년 10월 14일 15:48
[AI와 보안] 악성 문서 250개만 있어도 초거대 AI 모델 해킹 통로 뚫린다,http://boannews.com/media/view.asp?idx=139746&page=4&kind=4,한세희 기자 | 2025년 10월 14일 14:47
"태니엄, MS 센티널 파트너 에코시스템 합류",http://boannews.com/media/view.asp?idx=139745&page=4&kind=3,조재호 기자 | 2025년 10월 14일 14:28
"경상남도 안전체험관-통영교육지원청, 체험 통한 위기대응 능력 키운다",http://boannews.com/media/view.asp?idx=139744&page=4&kind=2,강초희 기자 | 2025년 10월 14일 14:02
"슈프리마, 에이엔에스 아드리아 어워즈 출입통제 부문 대상 수상",http://boannews.com/media/view.asp?idx=139743&page=4&kind=3,엄호식 기자 | 2025년 10월 14일 13:41
"델 테크놀로지스, 책상 위의 AI 시스템 ‘델 프로 맥스 위드 GB10’ 출시",http://boannews.com/media/view.asp?idx=139740&page=4&kind=3,강초희 기자 | 2025년 10월 14일 13:41
"소방청,기후위기 등 미래 재난대응 역량 강화 위한 AI 전담조직 가동",http://boannews.com/media/view.asp?idx=139742&page=4&kind=2,강초희 기자 | 2025년 10월 14일 13:38
"조달청, 신속한 규제합리화 추진으로 기업과 국민 체감도 높인다",http://boannews.com/media/view.asp?idx=139741&page=4&kind=2,엄호식 기자 | 2025년 10월 14일 13:34
"[IP신간] 인공지능 시대, 지식재산권의 미래를 묻다...‘AI법과 아이피 이슈’",http://boannews.com/media/view.asp?idx=139739&page=4&kind=1,IP전략연구소 | 2025년 10월 14일 11:55
송경희 개인정보위원장 “개인정보보호법 개정 시급해”,http://boannews.com/media/view.asp?idx=139738&page=4&kind=2,조재호 기자 | 2025년 10월 14일 11:54
관세청 보안장비 5대 중 1대 ‘노후화’,http://boannews.com/media/view.asp?idx=139734&page=4&kind=2,조재호 기자 | 2025년 10월 14일 11:38
"너 내 (월급 도둑) 동료가 돼라…MS, 월급 통장 노리는 ‘급여 해적’ 포착",http://boannews.com/media/view.asp?idx=139736&page=4&kind=1,한세희 기자 | 2025년 10월 14일 11:23
[IP국감] K팝 인기 속 ‘짝퉁’ 굿즈 속출...올해만 공연·축제서 3만점 압수,http://boannews.com/media/view.asp?idx=139737&page=4&kind=1,IP전략연구소 | 2025년 10월 14일 11:20
"[IP포토] 지역 특산품, ‘지리적 표시’ 이렇게!",http://boannews.com/media/view.asp?idx=139735&page=4&kind=1,IP전략연구소 | 2025년 10월 14일 11:08
"특허법학회, ‘공개세미나’ 개최...25일·변협회관",http://boannews.com/media/view.asp?idx=139733&page=4&kind=1,IP전략연구소 | 2025년 10월 14일 10:43
"넷스카우트, NIST 표준 기반 제로트러스트 인텔리전스 플랫폼 발표",http://boannews.com/media/view.asp?idx=139732&page=4&kind=3,강현주 기자 | 2025년 10월 14일 10:39
"금융보안원, ‘클라우드 보안’ 가이드라인 제시",http://boannews.com/media/view.asp?idx=139731&page=4&kind=2,조재호 기자 | 2025년 10월 14일 10:31
동영상 생성 AI 소라 2는 “전기와 물 먹는 하마”… AI 환경 비용 논란 재점화,http://boannews.com/media/view.asp?idx=139722&page=5&kind=2,한세희 기자 | 2025년 10월 14일 10:12
"카스퍼스키, 차세대 방화벽 ‘네트워크 보안 데이터 피드’ 출시",http://boannews.com/media/view.asp?idx=139730&page=5&kind=3,강현주 기자 | 2025년 10월 14일 09:53
"티피링크, 글로벌 인재 3인 핵심 임원으로 영입...미국 본사 B2B 조직 확대",http://boannews.com/media/view.asp?idx=139729&page=5&kind=3,강초희 기자 | 2025년 10월 14일 09:37
"레드햇 해킹, 국내 피해 걱정 덜한 이유는?...“공급망 경각심은 높여야”",http://boannews.com/media/view.asp?idx=139728&page=5&kind=1,강현주 기자 | 2025년 10월 13일 18:35
국정자원 복구율 37.2% “7전산실 연계 시스템은 즉시 복구 어려워”,http://boannews.com/media/view.asp?idx=139727&page=5&kind=1,조재호 기자 | 2025년 10월 13일 16:56
"“서버 폐기 은폐 고의성 있다”...과기정통부, KT 경찰 수사 의뢰",http://boannews.com/media/view.asp?idx=139726&page=5&kind=2,한세희 기자 | 2025년 10월 13일 16:50
와이파이 신호가 당신을 감시한다...주변 전파로 개인 식별 이미지 구성,http://boannews.com/media/view.asp?idx=139725&page=5&kind=4,한세희 기자 | 2025년 10월 13일 15:56
"국회 메일 서버 거래 정황 포착, 입법부도 안전지대 아냐...",http://boannews.com/media/view.asp?idx=139724&page=5&kind=2,조재호 기자 | 2025년 10월 13일 15:26
"“자진신고 시 과징금 감경 검토”...개인정보위, 개인정보 유출 제재 개선 나서",http://boannews.com/media/view.asp?idx=139723&page=5&kind=2,강현주 기자 | 2025년 10월 13일 15:02
"KISA, ‘2025년 암호모듈검증 전문교육’ 심화 과정 교육생 모집",http://boannews.com/media/view.asp?idx=139721&page=5&kind=2,강현주 기자 | 2025년 10월 13일 14:30
"[한국정보공학기술사 보안을 論하다-25] 보안 위험 대응, 소중한 것 먼저 하기",http://boannews.com/media/view.asp?idx=139720&page=5&kind=1,권준  기자 | 2025년 10월 13일 14:15
"과기정통부 산하 기관, 절반 이상 ‘화재·전산장애에 무방비’",http://boannews.com/media/view.asp?idx=139719&page=5&kind=2,조재호 기자 | 2025년 10월 13일 14:13
송파 ICT 보안클러스터 2단계 사업 예타 통과...KISA 등 8개 보안기관 입주,http://boannews.com/media/view.asp?idx=139718&page=5&kind=2,조재호 기자 | 2025년 10월 13일 13:50
‘악몽의 재부팅’ 종식... 윈도우 11 ‘업데이트 후 종료’ 버그 4년 만에 해결,http://boannews.com/media/view.asp?idx=139717&page=5&kind=3,한세희 기자 | 2025년 10월 13일 11:50
"전북자치도, 도민 자동 가입 ‘도민안전보험’으로 지역 안전 보장 책임져",http://boannews.com/media/view.asp?idx=139714&page=5&kind=2,강초희 기자 | 2025년 10월 13일 11:27
"기원테크, AI 기반 통합 보안 플랫폼 ‘이지플랫폼’으로 랜섬웨어 선제적 방어 나서",http://boannews.com/media/view.asp?idx=139716&page=5&kind=3,조재호 기자 | 2025년 10월 13일 11:26
"경찰, 캄보디아 한국인 대상 납치·감금 등 범죄에 총력 대응 예정",http://boannews.com/media/view.asp?idx=139713&page=5&kind=2,강초희 기자 | 2025년 10월 13일 11:23
"[국방보안 칼럼] SDW 시대, RMF 아닌 SWFT 검증 체계 도입 시급하다",http://boannews.com/media/view.asp?idx=139715&page=5&kind=2,권준  기자 | 2025년 10월 13일 11:15
"사이버아크, 머신 ID 보안 역량 강화...지능형 검색 및 컨텍스트 기능 적용",http://boannews.com/media/view.asp?idx=139712&page=5&kind=3,강현주 기자 | 2025년 10월 13일 11:01
"2025 부산 사이버보안 컨퍼런스, 오는 15일부터 2일간 열려",http://boannews.com/media/view.asp?idx=139710&page=5&kind=2,조재호 기자 | 2025년 10월 13일 10:49
"지인테크, 영상감시장치 ‘녹색기술제품’으로 나라장터 조달우수제품 등록 완료",http://boannews.com/media/view.asp?idx=139711&page=6&kind=3,엄호식 기자 | 2025년 10월 13일 10:41
"조달청, 나라장터 등 18개 조달정보시스템 정상화",http://boannews.com/media/view.asp?idx=139707&page=6&kind=2,강초희 기자 | 2025년 10월 13일 10:40
"트렌드마이크로 통합 보안 플랫폼, IDC 마켓스케이프 ‘전세계 XDR 리더’ 선정",http://boannews.com/media/view.asp?idx=139709&page=6&kind=1,강현주 기자 | 2025년 10월 13일 10:07
[인사] 한국인터넷진흥원(KISA),http://boannews.com/media/view.asp?idx=139706&page=6&kind=2,조재호 기자 | 2025년 10월 13일 09:42
"버카다, 김기훈 신임 한국 지사장 선임하며 한국 시장 입지 강화 밝혀",http://boannews.com/media/view.asp?idx=139705&page=6&kind=3,강초희 기자 | 2025년 10월 13일 09:12
"‘K-특허’ 세계로...한국인 출원 건수, 올 상반기 국내·외 모두 UP!",http://boannews.com/media/view.asp?idx=139704&page=6&kind=1,IP전략연구소 | 2025년 10월 12일 18:04
소닉월 SSL VPN 대규모 털렸다! 비밀번호 훔쳐 100개 계정 무단 침입 발생,http://boannews.com/media/view.asp?idx=139703&page=6&kind=1,권준  기자 | 2025년 10월 12일 14:08
"[기획특집] SKT·KT·LGU+, 스마트홈 확산과 함께하는 보안 전략 드라이브",http://boannews.com/media/view.asp?idx=139555&page=6&kind=6,강초희 기자 | 2025년 10월 12일 12:39
"국내 최대 AI 콘퍼런스 ‘SK AI Summit 2025’, 11월 3~4일 개최",http://boannews.com/media/view.asp?idx=139702&page=6&kind=3,강현주 기자 | 2025년 10월 12일 12:12
"카이스트 류석영 교수 연구팀, 구글 V8 연구지원금 선정 쾌거",http://boannews.com/media/view.asp?idx=139701&page=6&kind=5,조재호 기자 | 2025년 10월 11일 19:57
"“삼성, 6000억원 배상하라”...美법원, 특허침해 평결",http://boannews.com/media/view.asp?idx=139700&page=6&kind=1,IP전략연구소 | 2025년 10월 11일 14:12
"美 CISA, “협업 플랫폼 짐브라 XSS 제로데이 취약점” 경고...이메일 열기만 해도 해킹",http://boannews.com/media/view.asp?idx=139695&page=6&kind=4,한세희 기자 | 2025년 10월 11일 10:42
"세일즈포스, “몸값 지불 없다”...데이터 유출 협박 거부",http://boannews.com/media/view.asp?idx=139691&page=6&kind=1,한세희 기자 | 2025년 10월 11일 10:33
[카드뉴스] 소셜네트워크 속 생성형 AI를 악용한 악성코드 ‘그로킹’,http://boannews.com/media/view.asp?idx=139697&page=6&kind=1,조재호 기자 | 2025년 10월 11일 10:20
"[IP국감] 14,000,000,000,000원...상표 심사 지연, 연간 손실액",http://boannews.com/media/view.asp?idx=139699&page=6&kind=1,IP전략연구소 | 2025년 10월 11일 00:32
"지식재산처, ‘EU 지식재산 제도 설명회’ 개최",http://boannews.com/media/view.asp?idx=139698&page=6&kind=1,IP전략연구소 | 2025년 10월 11일 00:12
"[기자수첩] OS 세대교체기 다가왔는데, 윈11 점유율은 고작 46%",http://boannews.com/media/view.asp?idx=139692&page=6&kind=6,조재호 기자 | 2025년 10월 10일 19:03
너무 조용한 ‘정부 해킹’ 국감 오를까...국정원 3차장 출석,http://boannews.com/media/view.asp?idx=139696&page=6&kind=1,강현주 기자 | 2025년 10월 10일 17:37
"고립가구 지킨 서울시 스마트안부확인 서비스, 3년간 10만건 달성",http://boannews.com/media/view.asp?idx=139693&page=6&kind=2,강초희 기자 | 2025년 10월 10일 17:27
"[배종찬의 보안 빅데이터] 보안 사고는 ‘심각’, 보안 예산은 ‘망각’",http://boannews.com/media/view.asp?idx=139694&page=6&kind=1,권준  기자 | 2025년 10월 10일 16:53
랜섬웨어 생태계 격변...록빗 등 빅3 위협 그룹 동맹,http://boannews.com/media/view.asp?idx=139690&page=7&kind=4,한세희 기자 | 2025년 10월 10일 14:22
"센스톤 ‘올해의 종합 IoT 보안 솔루션’ 단독 선정, 누적 4회 수상",http://boannews.com/media/view.asp?idx=139685&page=7&kind=3,조재호 기자 | 2025년 10월 10일 11:45
美 ‘AI특허’ 동향 세미나...US특허 획득 전략 등 전격 공개,http://boannews.com/media/view.asp?idx=139689&page=7&kind=1,IP전략연구소 | 2025년 10월 10일 11:27
과기정통부 “일본·중동 블록체인 시장 본격 공략”,http://boannews.com/media/view.asp?idx=139688&page=7&kind=2,강현주 기자 | 2025년 10월 10일 11:23
"[AI와 보안] 오픈AI, 중국 연계 해커 계정 대규모 차단",http://boannews.com/media/view.asp?idx=139687&page=7&kind=4,한세희 기자 | 2025년 10월 10일 11:11
국가정보자원관리원 화재 상황을 악용한 보이스피싱·스미싱 주의,http://boannews.com/media/view.asp?idx=139684&page=7&kind=2,강초희 기자 | 2025년 10월 10일 10:50
"양천구 자율방재단, 2년 연속 ‘국가재난관리’ 행안부장관 표창 수상",http://boannews.com/media/view.asp?idx=139682&page=7&kind=2,강초희 기자 | 2025년 10월 10일 10:48
"시놀로지, 안전성과 신뢰성, AI 혁신까지 모두 담은 ‘DiskStation Manager 7.3’ 출시",http://boannews.com/media/view.asp?idx=139681&page=7&kind=3,강초희 기자 | 2025년 10월 10일 10:46
"“그럼, 우리가 보호해줄께!”...영업비밀 등 특허 커버 불가, ‘新대안’ 급부상",http://boannews.com/media/view.asp?idx=139686&page=7&kind=3,IP전략연구소 | 2025년 10월 10일 10:42
송경희 제3대 개인정보위원장 “신뢰기반 AI 혁신 최선 다할 것”...취임식 개최,http://boannews.com/media/view.asp?idx=139683&page=7&kind=2,강현주 기자 | 2025년 10월 10일 10:34
"랜섬웨어 그룹 킬린, “아사히 맥주 해킹 우리 소행...27GB 데이터 털었다” 주장",http://boannews.com/media/view.asp?idx=139680&page=7&kind=1,한세희 기자 | 2025년 10월 09일 15:48
잇단 통신사 해킹에 불안...통신분쟁조정 신청 늘고 있다,http://boannews.com/media/view.asp?idx=139679&page=7&kind=1,한세희 기자 | 2025년 10월 09일 15:13
[김정덕의 보안 다반사-5] ‘불꽃야구’가 던지는 사이버보안의 교훈,http://boannews.com/media/view.asp?idx=139678&page=7&kind=2,한세희 기자 | 2025년 10월 09일 11:36
올 하반기 사이버 보안 최대 화두는 역시 ‘AI 활용한 해킹과 방어’,http://boannews.com/media/view.asp?idx=139669&page=7&kind=1,조재호 기자 | 2025년 10월 09일 10:44
보안 사고 후속 조치 관건은 “고객 관점의 신속성·투명성”,http://boannews.com/media/view.asp?idx=139644&page=7&kind=1,조재호 기자 | 2025년 10월 09일 10:43
"삼성전자 상반기 특허등록, 1만건 육박...‘역대급’",http://boannews.com/media/view.asp?idx=139677&page=7&kind=1,IP전략연구소 | 2025년 10월 09일 00:20
"레드햇 공격 당해...해커 그룹, “570GB 분량 고객 민감 데이터 털었다”",http://boannews.com/media/view.asp?idx=139676&page=7&kind=1,한세희 기자 | 2025년 10월 08일 15:59
연이은 보안 사고로 경각심 높아졌지만... “보안 예산 늘릴 계획 없다” 1위,http://boannews.com/media/view.asp?idx=139639&page=7&kind=2,조재호 기자 | 2025년 10월 08일 11:20
"레디스 DB 치명적 취약점 발견...해커, 원격 코드 실행 공격 가능",http://boannews.com/media/view.asp?idx=139675&page=7&kind=1,한세희 기자 | 2025년 10월 08일 11:11
"[미리보는 2025 국감-5] 사이버 보안 분야, 정부 역할과 제도 개선 방안은?",http://boannews.com/media/view.asp?idx=139551&page=7&kind=2,엄호식 기자 | 2025년 10월 08일 08:41
"日 법원, 잇단 ‘親특허’ 판결...글로벌 IP수익화 기대",http://boannews.com/media/view.asp?idx=139674&page=8&kind=1,IP전략연구소 | 2025년 10월 08일 02:12
"[IP월드] 中 변리사회, 특허 출원서 작성에 AI 사용 금지...‘윤리·실무 규범’ 개정",http://boannews.com/media/view.asp?idx=139673&page=8&kind=1,IP전략연구소 | 2025년 10월 08일 01:22
[긴급] ‘오라클 EBS’ 사용 기업 보안 경고등! 취약점 악용해 클롭 랜섬웨어 조직 실제 공격중,http://boannews.com/media/view.asp?idx=139672&page=8&kind=1,한세희 기자 | 2025년 10월 07일 18:13
랜섬웨어 공격자와 협상?...‘불가피하다’ 51% vs. ‘절대 안된다’ 44%,http://boannews.com/media/view.asp?idx=139646&page=8&kind=1,강현주 기자 | 2025년 10월 07일 10:13
[미리보는 2025 국감-4] 송경희 위원장 앞에 산적한 개인정보보호 과제는?,http://boannews.com/media/view.asp?idx=139546&page=8&kind=2,엄호식 기자 | 2025년 10월 07일 10:08
[AI와 보안] AI 백본 MCP 서버 해킹 통로 악용...데이터 훔쳐 ‘숨은 참조’ 메일로 해커에 보내,http://boannews.com/media/view.asp?idx=139617&page=8&kind=4,한세희 기자 | 2025년 10월 07일 09:51
[부고] 백지영 디지털데일리 디지털플랫폼부 부장 부친상,http://boannews.com/media/view.asp?idx=139671&page=8&kind=1,강현주 기자 | 2025년 10월 07일 09:37
"국정자원 화재 사태, 시스템 복구율 24.1%...‘온나라 문서’ 재가동",http://boannews.com/media/view.asp?idx=139670&page=8&kind=1,조재호 기자 | 2025년 10월 06일 17:59
[AI와 보안] 보안 종사자 97% “AI 보안 솔루션 필요해”...AI 공격 맞대응·인력 부족 이유,http://boannews.com/media/view.asp?idx=139666&page=8&kind=1,강현주 기자 | 2025년 10월 06일 12:07
"KISA, 추석 연휴 랜섬웨어·스미싱 등 사이버 침해사고 주의 권고",http://boannews.com/media/view.asp?idx=139668&page=8&kind=1,조재호 기자 | 2025년 10월 06일 10:32
[미리보는 2025 국감-3] 이재명 정부의 핵심 공약 AI·ICT 분야 짚어보기,http://boannews.com/media/view.asp?idx=139541&page=8&kind=6,엄호식 기자 | 2025년 10월 06일 09:07
"[이슈칼럼] 국정자원 화재 사태가 남긴 것... “보안은 막는 것, 복원력은 살아남는 것”",http://boannews.com/media/view.asp?idx=139667&page=8&kind=1,권준  기자 | 2025년 10월 06일 01:05
"[IP국감] “NPE 소송 6년간 558건...소부장 피해 집중, 中企까지 타깃 확대”",http://boannews.com/media/view.asp?idx=139665&page=8&kind=1,IP전략연구소 | 2025년 10월 05일 15:03
KISA 해킹 대응 업무 몇배 증가...담당 인력은 고작 7% 증가,http://boannews.com/media/view.asp?idx=139664&page=8&kind=2,강현주 기자 | 2025년 10월 05일 12:55
기업뿐 아니라 국가기관 노린다...軍·헌재 해킹 시도 증가,http://boannews.com/media/view.asp?idx=139663&page=8&kind=1,강현주 기자 | 2025년 10월 05일 11:41
“가상자산 고수익 미끼 던지는 보이스피싱 주의”,http://boannews.com/media/view.asp?idx=139662&page=8&kind=3,강현주 기자 | 2025년 10월 05일 09:53
기업 보안 책임자들 사이버 사고 ‘은폐’ 심각,http://boannews.com/media/view.asp?idx=139616&page=8&kind=3,한세희 기자 | 2025년 10월 05일 09:25
“너 T지?”...보안 종사자 MBTI 1위는 ‘외로운 계획쟁이 ISTJ’,http://boannews.com/media/view.asp?idx=139640&page=8&kind=3,강현주 기자 | 2025년 10월 05일 09:20
"USPTO, 상표 무더기 말소...美 상표권 관리 초비상",http://boannews.com/media/view.asp?idx=139661&page=8&kind=1,IP전략연구소 | 2025년 10월 05일 01:22
[미리보는 2025 국감-2] 산업보안·산업안전 이슈 집중 점검해보니,http://boannews.com/media/view.asp?idx=139557&page=8&kind=6,엄호식 기자 | 2025년 10월 05일 00:05
[AI와 보안] “AI 자체가 공격 통로”...구글 제미나이 취약점 발견,http://boannews.com/media/view.asp?idx=139618&page=9&kind=4,한세희 기자 | 2025년 10월 04일 23:54
"[이원태의 글로벌 AI안보 전략-6] 한국의 AI 외교, 글로벌 권력 지형을 다시 그리다",http://boannews.com/media/view.asp?idx=139660&page=9&kind=4,권준  기자 | 2025년 10월 04일 23:17
"게이머 인기 메신저 디스코드, 일부 이용자 정보 유출",http://boannews.com/media/view.asp?idx=139659&page=9&kind=1,강현주 기자 | 2025년 10월 04일 18:29
"입법조사처 “KT, 해킹피해 없는 고객도 위약금 면제 귀책”...완화 여지도 제시",http://boannews.com/media/view.asp?idx=139658&page=9&kind=1,강현주 기자 | 2025년 10월 04일 18:16
국정자원 공무원 사망 이후...행안부장관 “직원 어려움 세심히 살피겠다”,http://boannews.com/media/view.asp?idx=139657&page=9&kind=2,강현주 기자 | 2025년 10월 04일 17:17
[배종찬의 보안 빅데이터] 조선왕조실록과 국가정보자원관리원 파동,http://boannews.com/media/view.asp?idx=139656&page=9&kind=1,권준  기자 | 2025년 10월 04일 16:57
소방공무원 수험생 5만명 개인정보 유출…‘119고시’ 해킹 가능성,http://boannews.com/media/view.asp?idx=139655&page=9&kind=1,강현주 기자 | 2025년 10월 04일 14:35
아사히 맥주 랜섬웨어 공격 인한 운영 차질 장기화 우려...편의점 재고 곧 바닥날 듯,http://boannews.com/media/view.asp?idx=139654&page=9&kind=1,한세희 기자 | 2025년 10월 04일 14:34
[부고] 김의선 블라우비트 대표 부친상,http://boannews.com/media/view.asp?idx=139653&page=9&kind=1,강현주 기자 | 2025년 10월 04일 11:43
"Hypersonic, 2025 사이버공격방어대회 청소년 우승...1~4위 휩쓸어",http://boannews.com/media/view.asp?idx=139652&page=9&kind=2,강현주 기자 | 2025년 10월 04일 11:23
"[2025 클라우드 보안 리포트] 공공분야에서 시작한 클라우드 보안 확산, 시너지 효과를 일으키다",http://boannews.com/media/view.asp?idx=139610&page=9&kind=3,원병철 기자 | 2025년 10월 03일 23:23
[2025 네트워크 스위치 제품&솔루션 리포트] 네트워크 스위치가 만드는 연결의 기술,http://boannews.com/media/view.asp?idx=139550&page=9&kind=3,엄호식 기자 | 2025년 10월 03일 23:10
"미래엔서해에너지, 랜섬웨어 공격으로 일부 전산 시스템 중단...개인정보 유출 가능성",http://boannews.com/media/view.asp?idx=139651&page=9&kind=1,조재호 기자 | 2025년 10월 03일 17:13
"‘GCF 2025’ 초청, 안랩 안철수 창업자 “사이버보안, 성장과 혁신 위한 인프라”",http://boannews.com/media/view.asp?idx=139650&page=9&kind=3,강현주 기자 | 2025년 10월 03일 15:20
제8기 인터넷주소분쟁조정위원회 출범...위원장에 이대희 고려대 교수,http://boannews.com/media/view.asp?idx=139649&page=9&kind=2,조재호 기자 | 2025년 10월 03일 14:57
"배경훈 과기부총리 “사이버보안, 국가안보의 중요한 축이자 국민안전과 직결”",http://boannews.com/media/view.asp?idx=139648&page=9&kind=2,강현주 기자 | 2025년 10월 03일 14:31
"중국 연계 해커, 아시아 통신·제조업 노린 하이브리드 악성코드 유포",http://boannews.com/media/view.asp?idx=139615&page=9&kind=1,한세희 기자 | 2025년 10월 03일 11:12
"[미리보는 2025 국감-1] 재난·안전·국방 분야 주요 이슈, 국민이 묻다",http://boannews.com/media/view.asp?idx=139556&page=9&kind=2,엄호식 기자 | 2025년 10월 03일 11:05
"[카드뉴스] 양자컴퓨터 시대 도래, PQC(양자내성암호)가 미래 보안을 지킨다",http://boannews.com/media/view.asp?idx=139641&page=9&kind=1,지진솔 기자 | 2025년 10월 03일 10:29
"[인사] 과기정통부, 네트워크정책실장에 최우혁 정보보호네트워크정책관 승진 임명",http://boannews.com/media/view.asp?idx=139647&page=9&kind=2,한세희 기자 | 2025년 10월 03일 09:38
"李 대통령, 신임 개인정보위원장에 송경희 성균관대 교수 임명",http://boannews.com/media/view.asp?idx=139645&page=10&kind=2,강현주 기자 | 2025년 10월 02일 17:37
[김정덕의 보안 다반사-4] 자전거 라이딩과 사이버 보안,http://boannews.com/media/view.asp?idx=139643&page=10&kind=2,권준  기자 | 2025년 10월 02일 16:57
"명정보기술, 트루컷시큐리티와 MOU 통해 사이버 위협 대응 나서",http://boannews.com/media/view.asp?idx=139642&page=10&kind=3,엄호식 기자 | 2025년 10월 02일 16:57
"세종시, 일본 교토 스마트시티 엑스포에서 ‘세종형 스마트시티’ 알려",http://boannews.com/media/view.asp?idx=139638&page=10&kind=2,강초희 기자 | 2025년 10월 02일 16:22
[IP人] 김정훈 이버드 특허법인 변호사...‘美 특허법’ 신간 화제,http://boannews.com/media/view.asp?idx=139637&page=10&kind=3,IP전략연구소 | 2025년 10월 02일 15:34
[인터뷰] 이명호 와이앤엠시스템즈 대표 “상생의 철학으로 키워낸 기술 증명할 것”,http://boannews.com/media/view.asp?idx=139516&page=10&kind=6,강초희 기자 | 2025년 10월 02일 14:08
"번개장터, 융합형 과학검수 솔루션 ‘코어리틱스’ 선뵈",http://boannews.com/media/view.asp?idx=139636&page=10&kind=3,IP전략연구소 | 2025년 10월 02일 13:30
배경훈 부총리 “경영진이 직접 정보보호 현안 점검하고 투자 늘여야”...플랫폼사 연석회의,http://boannews.com/media/view.asp?idx=139635&page=10&kind=2,한세희 기자 | 2025년 10월 02일 13:29
"조달청, 나라장터 등 조달시스템 비상운영상황 점검회의 실시",http://boannews.com/media/view.asp?idx=139634&page=10&kind=2,엄호식 기자 | 2025년 10월 02일 13:23
"한드림넷 보안스위치, 일본 보안 인증 ‘JC-STAR’ 라벨 취득",http://boannews.com/media/view.asp?idx=139633&page=10&kind=3,원병철 기자 | 2025년 10월 02일 13:19
"마이크로시스템, ‘전자식 자가세정 기술 적용 영상감시 카메라’로 IR52 장영실상 수상",http://boannews.com/media/view.asp?idx=139632&page=10&kind=3,강초희 기자 | 2025년 10월 02일 13:18
"서울시 소방재난본부, 데이터센터 87곳 화재안전대책 추진",http://boannews.com/media/view.asp?idx=139629&page=10&kind=2,강초희 기자 | 2025년 10월 02일 13:15
"정부, 2030년 완전자율 선박·드론 상용화 로드맵 발표",http://boannews.com/media/view.asp?idx=139628&page=10&kind=2,강초희 기자 | 2025년 10월 02일 13:14
"외국인노동자, 가상현실(VR) 안전체험교육을 받는다",http://boannews.com/media/view.asp?idx=139626&page=10&kind=2,강초희 기자 | 2025년 10월 02일 13:12
"SK쉴더스, 신종 랜섬웨어 ‘아곤와이퍼’ 복호화 기법 최초 공개",http://boannews.com/media/view.asp?idx=139630&page=10&kind=1,조재호 기자 | 2025년 10월 02일 12:58
"양자 보안으로 스테이블코인 지킨다…핑거-BTQ, 디지털 자산 인프라 협력",http://boannews.com/media/view.asp?idx=139631&page=10&kind=3,한세희 기자 | 2025년 10월 02일 12:54
"이스트시큐리티-테이텀시큐리티, 클라우드 보안 강화 힘 합친다",http://boannews.com/media/view.asp?idx=139621&page=10&kind=3,조재호 기자 | 2025년 10월 02일 11:22
"[IP포토] WIPO 총장, 한국콜마 방문...글로벌 IP협력 논의",http://boannews.com/media/view.asp?idx=139625&page=10&kind=1,IP전략연구소 | 2025년 10월 02일 11:17
"노르마, 독일 큐도라 이온트랩 양자 컴퓨터 국내 클라우드 서비스",http://boannews.com/media/view.asp?idx=139623&page=10&kind=3,한세희 기자 | 2025년 10월 02일 11:15
"지식재산처, 위조상품 감정기술 컨퍼런스 개최",http://boannews.com/media/view.asp?idx=139624&page=10&kind=1,IP전략연구소 | 2025년 10월 02일 11:12
